{
  "accuracy": 0.8,
  "f1_por_classe": {
    "aquecido": 0.7692307692307693,
    "frio": 0.8947368421052632,
    "super_viral": 0.8571428571428571,
    "viral": 0.6842105263157895
  },
  "matriz_confusao": [
    [
      15,
      2,
      0,
      2
    ],
    [
      1,
      17,
      0,
      1
    ],
    [
      0,
      0,
      15,
      4
    ],
    [
      4,
      0,
      1,
      13
    ]
  ]
}