{
  "accuracy": 0.8266666666666667,
  "f1_por_classe": {
    "aquecido": 0.7894736842105263,
    "frio": 0.8947368421052632,
    "super_viral": 0.8571428571428571,
    "viral": 0.7692307692307693
  },
  "matriz_confusao": [
    [
      15,
      2,
      0,
      2
    ],
    [
      2,
      17,
      0,
      0
    ],
    [
      0,
      0,
      15,
      4
    ],
    [
      2,
      0,
      1,
      15
    ]
  ]
}